id,placename,type,latitude,longitude,source_lat,source_lon,mouth_lat,mouth_lon,mid_lat,mid_lon
Q1497,Mississippi River,river,29.1536,-89.2508,47.218055555,-95.207222222,25.0,-90.0,38.601377,-90.191167
Q213230,Hron,river,47.8179,18.7417,48.8586,20.2155,48.095111111,8.154888888,48.561245,19.106097
Q1653,Danube,river,48.0951111111111,8.15488888888889,48.095452777,8.155108333,43.41,34.26,47.455534,19.058839
Q131574,Vltava,river,50.34769,14.474382,49.0,13.5,50.8875,14.233055555,49.439950,14.194282
Q2662391,Morač,river,52.5772,27.5872,53.167907,27.345447,52.136103,27.524932,52.831500,26.984337
Q584,Rhine,river,47.6662,9.1786,46.6325,8.672222222,56.459,3.6825,50.015111,8.262930
Q1644,Elbe,river,50.8875,14.2330555555556,50.75,15.583333,56.459,3.6825,51.858913,12.636555
Q645,Neva,river,59.9447,30.3094,60.842777777,31.459722222,59.95,30.0,59.767895,30.756244
Q1229,Don,river,47.0864,39.2386,52.6,36.8,46.0,37.0,50.161666,40.395872
Q131210,Dniester,river,46.3041,30.2736,49.211111111,22.909444444,46.233333333,30.35,48.568900,27.133673
Q179251,Morava,river,48.61619,16.940149,50.2050967,16.8493594,48.095111111,8.154888888,49.199042,17.511762
Q207927,Berezina River,river,52.549722222222,30.25,54.883333333,27.766666666,46.4964,32.2872,53.833609,29.000710
Q155045,Ohře,river,50.529384,14.134078,50.100833333,11.884722222,50.8875,14.233055555,50.281513,13.001280
Q548,Vistula,river,54.3641,18.9522,49.611388888,19.010555555,54.483055555,18.958611111,52.239112,21.037404
Q626,Volga,river,45.695,47.8975,57.0,33.5,42.0,50.5,53.180697,50.053150
Q40059,Jordan River,river,31.761388888889,35.558333333333,33.186797222,35.622397222,31.5207,35.4845,32.228600,35.572359
Q40855,Dnieper,river,46.4964,32.2872,57.0,33.5,46.583055555,31.765555555,51.272863,30.567986
Q19686,River Thames,river,51.6944444444444,-2.02972222222222,51.67667,-2.01806,56.459,3.6825,51.492100,-0.630503
Q602,Rhône,river,43.3342,4.8442,46.60454,8.38605,38.0,17.0,45.751351,4.834777
Q279943,Lužnice,river,49.188915,14.701045,48.595603,14.73697,48.858945,13.893092,48.971974,14.863716
Q753919,Timok,river,44.213611111111,22.670277777778,43.92,22.297777777,48.095111111,8.154888888,44.065418,22.423018
Q149214,Strumica,river,41.4451,23.2775,41.766666666,22.533333333,40.785833333,23.848888888,41.433991,22.774472
Q5089,Ganges,river,30.1451,78.5974,30.983333333,78.983333333,15.0,88.0,25.270109,83.018878
Q5622,Neman,river,55.3369,21.2492,53.4701,27.3658,58.0,20.0,53.900263,23.790135
Q34589,Euphrates,river,31.0043,47.442,39.7283,40.2569,29.9369,48.6077,34.421758,40.994805
Q552,Oder,river,53.6017,14.5897,49.607453,17.527923,58.0,20.0,51.565009,16.463668
Q13696,Adige,river,45.1596,12.3311,46.83435,10.510124,42.775833,15.426111,45.440392,10.986413
Q3392,Nile,river,31.4653,30.3667,15.623611111,32.501944444,38.0,17.0,22.088564,31.389884
Q1471,Seine,river,49.434722222222,0.1175,47.4859,4.717,50.0,-2.0,48.858577,2.337420
Q936301,Barrow,river,52.242138888889,-6.9688611111111,53.089888888,-7.530194444,52.275916666,-7.004861111,52.836021,-6.938127
Q550995,Humber,river,53.5425,0.0925,53.700555555,-0.690277777,56.459,3.6825,53.660866,-0.198864
Q7348,Indus River,river,31.2421,81.7684,32.4409,79.7121,16.0,64.0,31.659251,70.929669
Q1433715,River Wear,river,54.916111111111,-1.3577777777778,54.751,-2.222,56.459,3.6825,54.676447,-1.765000
Q13712,Tiber,river,41.740555555556,12.233333333333,43.786916666,12.077666666,40.0,12.0,43.089458,12.448172
Q289273,Luni River,river,24.648265,71.267767,26.227065,73.680493,24.08638889,70.63777778,25.823493,72.235674
Q896037,River Boyne,river,53.722083333333,-6.2435277777778,53.351899312,-6.956763462,53.5,-5.0,53.556396,-6.792566
Q192820,River Shannon,river,52.6767,-8.7545,54.2347,-7.919,52.583333333,-9.3,53.425698,-7.944122
Q19709,River Avon,river,51.9964,-2.1636,52.3972,-0.9906,52.494444444,-3.7375,52.278826,-1.584678
Q182343,Niagara River,river,42.8842,-78.9142,42.25,-80.999722222,43.728888888,-78.106388888,43.071099,-79.031807
Q14294,Tagus River,river,38.8525,-9.0137,40.31972222,-1.6975,0.0,-30.0,39.805576,-5.428767
Q14299,Douro,river,41.14,-8.66,42.00833333,-2.86444444,0.0,-30.0,41.496094,-5.755438
Q1413986,River Feale,river,52.48294,-9.68903,52.311947,-9.104016,52.6767,-8.7545,52.427723,-9.386713
Q503262,River Tweed,river,55.764164,-1.986574,55.414965,-3.490006,56.459,3.6825,55.603083,-2.733085
Q1546553,Koyukuk River,river,64.9233,-157.5539,67.0469,-151.074,62.5986,-164.8,66.568527,-152.631533
Q179444,Potomac River,river,38,-76.335,39.528333333,-78.5875,37.248061111,-76.119438888,38.969146,-77.165731
Q3140,Hudson River,river,40.6001,-74.042,44.1067,-73.9358,40.669444444,-74.045,42.641845,-73.750033
Q6726033,Mad River,river,43.3873,-71.0673,43.351111,-71.100278,43.386475,-71.067525,43.384399,-71.085075
Q10965,Ebro,river,40.728527124206,0.86929321289062,43.0175,-4.187777777,38.0,17.0,42.063851,-1.598350
Q208267,Sambre,river,50.4619,4.8708,50.030555555,3.865555555,47.97435,5.633538888,50.320913,4.166421
Q171009,Drava,river,45.543888888889,18.926666666667,46.732872,12.279167,48.095111111,8.154888888,46.556455,15.639748
Q913286,Mugnone,river,43.790094,11.196478,43.795062,11.274995,43.68061,10.276623,43.792649,11.234300
Q1469,Loire,river,47.27,-2.1844444444444,44.8675,4.274722222,45.5,-4.4,47.773715,2.382032
Q14309,Guadalquivir,river,36.7913,-6.3567,37.8670341,-3.03676463,36.783333333,-7.233333333,37.879467,-4.771447
Q2887644,Bastan,river,42.883333333333,-0.016666666666667,42.933694,0.132611,42.883333333333,-0.016666666666667,42.904066,0.100475
Q31424,Llobregat,river,41.302248,2.131948,42.28400833,2.01542222,38.0,17.0,41.761150,1.902796
Q572191,Volturno,river,41.024189,13.9277981,42.469166666,13.565555555,40.0,12.0,41.350027,14.214852
Q131792,Orinoco River,river,2.318,-63.3617,2.318,-63.3617,0.0,-30.0,6.190253,-67.459818
Q3783,Amazon,river,0.707777777777778,-50.0894444444444,-4.452777777,-73.448611111,0.0,-30.0,-3.167606,-59.992213
Q16512,Manzanares,river,40.30406,-3.539275,40.785079,-3.975991,40.03128,-3.65009,40.517270,-3.777862
Q643,Po,river,44.97,12.546944444444,44.7013,7.09375,42.775833,15.426111,45.059916,9.705153
Q4498825,Khodynka,river,55.7969444444444,37.5113888888889,55.806944,37.556111,55.766409,37.498252,55.777330,37.509074
Q6862,Amur River,river,53.3333,121.4814,51.7044,115.8421,55.0,150.0,47.737264,131.519857
Q4528198,Shuya,river,59.48678,39.63471,59.415555555,39.483055555,59.640277777,39.446944444,59.437957,39.553059
Q590269,Moyka River,river,59.92625,30.273527777778,59.947916666,30.336361111,59.918666666,30.239861111,59.932215,30.311447
Q172089,Oka,river,56.3328,43.9844,52.3624,36.2223,57.251331194,32.467965694,54.653668,39.781019
Q78707,Yenisey,river,51.7279,94.4518,49.2619,100.6797,77.0,77.0,63.356235,87.331107
Q8542,Panj River,river,37.1109,68.3147,37.0176,72.6615,37.106,68.3063,38.468990,70.883959
Q790987,Avijõgi,river,58.94091,27.05566,59.110277777,26.628611111,58.637791666,27.503427777,59.009750,26.736173
Q85416,Kubra,river,53.1224,48.4551,53.0218,48.0685,57.251331194,32.467965694,53.088612,48.363513
Q7355,Yellow River,river,36.1241944444444,116.097666666667,34.491944,96.340278,38.7,119.9,40.512694,109.831447
Q179751,Aras River,river,40.0184,48.4535,39.333,41.333,40.833554,42.820133,39.990552,44.453129
Q156557,Kura River,river,39.2864,49.4278,39.7,44.3,42.0,50.5,41.065413,45.795647
Q182445,Prut,river,45.4688,28.2072,47.0,25.5,48.095111111,8.154888888,47.327505,27.609748
Q202760,Soča,river,45.724722222222,13.556111111111,46.36666667,13.81666667,42.775833,15.426111,46.096220,13.639771
Q12770704,Machnáč,river,48.744311,18.2337,48.933333,18.316667,48.5712,18.2085,48.772151,18.199423
Q157736,Morača,river,42.257222222222,19.146111111111,42.851666666,19.235277777,42.1814,19.309,42.583355,19.355896
Q730378,Tara,river,43.348333333333,18.839444444444,42.594444444,19.575,43.348611111,18.839444444,43.115873,19.355122
Q1066857,Sitnica (Ibar),river,42.4068055555556,21.1911944444444,42.406805555,21.191194444,42.7956,20.0856,42.759748,21.015014
Q372490,Bojana,river,41.875,19.375,42.1814,19.309,42.775833,15.426111,41.979191,19.376849
Q204347,Maritsa,river,40.738055555556,26.030555555556,42.161388888,23.596111111,40.36666667,25.16666667,2.059216,25.609996
Q973,Ob,river,66.3802,71.7787,52.430555555,84.983333333,77.0,77.0,61.229571,73.507263
Q1650,Weser,river,51.42139,9.64806,50.4919,9.9536,56.459,3.6825,52.674578,9.192406
Q115457,Arno,river,43.7255555555556,11.6716666666667,43.866666666,11.7,43.498333333,9.041666666,43.773817,11.091130
Q216373,River Tyne,river,55.0119,-1.4158,54.988941,-2.130589,56.459,3.6825,54.966918,-1.712894
Q19714,River Trent,river,53.7,-0.7,53.12,-2.14139,53.700555555,-0.690277777,53.008589,-0.954156
Q1540243,River Stour,river,51.313217,1.364409,51.1465,0.8676,51.3,1.38333,51.283992,1.082363
Q19682,River Severn,river,52.494444444444,-3.7375,52.494444444,-3.7375,51.35,-3.7,52.378100,-2.316334
Q422487,James River,river,36.9416666666667,-76.4436111111111,37.784444444,-79.775833333,37.248061111,-76.119438888,37.691287,-77.925136
Q41986,Meuse,river,51.715,4.6677777777778,47.982777777,5.6275,56.459,3.6825,50.374707,4.878014
Q370750,Savannah River,river,34.4437149,-82.855974,34.4436,-82.8561,0.0,-30.0,33.522096,-82.007721
Q41983,Marne,river,48.816388888889,2.4108333333333,47.8184,5.3501,49.434722222,0.1175,48.991770,4.255942
Q19721,River Clyde,river,55.937857,-4.672852,55.406388888,-3.652222222,55.666666666,-5.0,55.684461,-3.851721
Q291233,Churchill River,river,53.349444444444,-60.1775,54.096388888,-64.011111111,53.3925,-60.162777777,53.103059,-61.082876
Q5077,Garonne,river,45.0386,-0.6111,42.636475703,1.046168846,45.58972222,-1.04916667,44.200371,0.608996
Q19720,River Spey,river,57.674187,-3.098504,57.007655,-4.601948,57.75,-3.5,57.321526,-3.605089
Q60067,Kuskokwim River,river,60.083055555556,-162.33388888889,64.3158,-151.516,58.0,-178.0,61.417007,-160.594235
Q596106,Sabine River,river,29.9855,-93.7904,32.8082,-95.9205,29.875,-93.8475,31.966937,-94.003709
Q686021,Allegheny River,river,40.4433333333333,-80.014444444444507,38.6997,-79.5328,36.9867,-89.1311,41.680902,-79.409733
Q838143,Gila River,river,32.7205,-114.5575,33.306731,-108.6170018,31.815,-114.8,33.057684,-111.364951
Q2210898,Saco River,river,43.4611,-70.3769,44.2161767,-71.4095216,43.4937,-70.36838,44.005406,-70.898503
Q17812,Guadalete,river,36.578888888889,-6.2415361111111,36.755833333,-5.395,36.494166666,-6.216944444,36.821958,-5.696925
Q14305,Guadiana,river,37.1685,-7.3959,39.13333,-3.51667,36.783333333,-7.233333333,38.924112,-6.803039
Q14556,Sil,river,42.4538,-7.7306,43.013622222,-6.187019444,41.865277777,-8.869722222,42.414417,-6.982591
Q851323,Tanaro,river,45.006,8.769,44.16666667,8.08333333,44.701444444,7.093055555,44.622971,7.877860
Q1684,Spree,river,52.5361,13.2089,51.008333333,14.585277777,52.8753,12.0044,51.746429,14.345026
Q214874,Jhelum River,river,31.17,72.15,33.534722222,75.249722222,29.349262161,71.02815628,33.155781,73.641576
Q1139404,Msta,river,58.415555555556,31.338333333333,57.739166666,34.486111111,58.266666666,31.283333333,58.498733,33.723568
Q79082,Kama,river,55.5903,51.5039,58.195138888,53.754305555,57.251331194,32.467965694,57.811596,55.425478
Q202796,Desna,river,50.5503,30.5378,54.583333333,33.283333333,46.4964,32.2872,52.354769,33.416638
Q4317399,Nepryadva,river,53.6708,38.6515,53.549147,38.037615,47.0864,39.2386,53.567461,38.480560
Q156237,Western Bug,river,52.5067,21.0844,49.0275,27.85619444,52.433333333,20.676944444,51.217178,23.737178
Q124653,Tobol,river,51.4667,61.0085,51.0,63.0,47.414527777,90.215544444,55.248301,65.238419
Q78898,Onega,river,63.935,37.988055555556,61.333333333,38.8,64.333333333,36.5,62.601393, 39.889637
Q14383,Sava,river,44.831666666667,20.449722222222,46.344230555,14.155411111,48.095111111,8.154888888,45.145617,17.225926
