"","id","lat","lon","placename","type"
"1","Q1497",29.1536,-89.2508,"Mississippi River","default"
"2","Q584",47.6662,9.1786,"Rhine","river"
"3","Q1410",36.14,-5.35,"Gibraltar","default"
"4","Q155975",49.948444972662,15.268225887967,"Kutná Hora","default"
"5","Q545",58,20,"Baltic Sea","default"
"6","Q617511",50.736111111111,15.740277777778,"Sněžka","mountain"
"7","Q214644",50.75,15.583333,"Giant Mountains","mountain"
"8","Q194263",49.177777777778,19.908333333333,"Tatra Mountains","mountain"
"9","Q3967",50.428611111111,7.4613888888889,"Neuwied","default"
"10","Q157290",49,13.5,"Bohemian Forest","mountain"
"11","Q106274",51.21006,16.1619,"Legnica","default"
"12","Q37",55.2,24,"Lithuania","country"
"13","Q487971",47.724722222222,12.876944444444,"Bad Reichenhall","default"
"14","Q14960",49.195277777778,16.608333333333,"Brno","default"
"15","Q45898788",48.8081056,14.7723794,"Novohradsko","default"
"16","Q754194",45.4340277777778,12.3390277777778,"St Mark's Campanile","default"
"17","Q76925",45.413055555556,12.297222222222,"Venetian Lagoon","default"
"18","Q549849",48.718611111111,18.258055555556,"Bánovce nad Bebravou","default"
"19","Q213230",47.8179,18.7417,"Hron","river"
"20","Q1780",48.144722222222,17.112777777778,"Bratislava","default"
"21","Q26119",49,21.233333333333,"Prešov","default"
"22","Q1653",48.0951111111111,8.15488888888889,"Danube","river"
"23","Q1085",50.0875,14.4213888888889,"Prague","default"
"24","Q373804",49.184229941699,15.452771068011,"Telč","default"
"25","Q1015282",48.4939,13.7825,"Burg Falkenstein an der Ranna","default"
"26","Q616317",49.907353061714,12.97116813512,"Bezdružice","default"
"27","Q191687",30.129527777778,31.288888888889,"Heliopolis","default"
"28","Q1741",48.2083333333333,16.3725,"Vienna","default"
"29","Q1008750",49.753048391098,13.004146255782,"Stříbro","default"
"30","Q934703",50.003119975612,14.977096015946,"Kouřim","default"
"31","Q32530",51.5450653,14.72614,"Lusatia","default"
"32","Q384403",50.53355947692,14.131899491403,"Litoměřice","default"
"33","Q750224",49.261497897079,13.902396874574,"Strakonice","default"
"34","Q10396708",49.3578,14.0308,"Šamonice","default"
"35","Q744598",50.089444444444,14.397222222222,"Hradčany","default"
"36","Q954596",49.607899638305,15.580727658514,"Havlíčkův Brod","default"
"37","Q220",41.893055555556,12.482777777778,"Rome","default"
"38","Q327764",49.013013368826,13.997533003713,"Prachatice","default"
"39","Q43266",49.5,17,"Moravia","default"
"40","Q4198",50.58333333,13,"Ore Mountains","mountain"
"41","Q392483",49.12,20.06194444,"Štrbské Pleso","default"
"42","Q11863119",50.045278,14.391667,"Děvín","mountain"
"43","Q12130",48,-3,"Brittany","default"
"44","Q10817265",49.8114,13.9892,"Plešivec","mountain"
"45","Q10817953",49.7047,13.8769,"Tok","mountain"
"46","Q223353",45.334722222222,14.306944444444,"Opatija","default"
"47","Q215573",49.41666667,20.25,"Beskids","mountain"
"48","Q131574",50.34769,14.474382,"Vltava","river"
"49","Q157728",50.05,11.85,"Fichtelgebirge","mountain"
"50","Q616334",50.064427188,14.417644214,"Vyšehrad","default"
"51","Q1894568",50.62579398555,15.089464953591,"Sychrov","default"
"52","Q12039461",50.0845833,14.4227778,"Můstek","default"
"53","Q641",45.439722222222,12.331944444444,"Venice","default"
"54","Q393309",43.158333333333,19.130277777778,"Žabljak","default"
"55","Q3489993",49.64,13.74,"Brdy","mountain"
"56","Q2662391",52.5772,27.5872,"Morač","river"
"57","Q3560285",42.6175,19.09083333,"Vinići","default"
"58","Q1644",50.8875,14.2330555555556,"Elbe","river"
"59","Q548",54.3641,18.9522,"Vistula","river"
"60","Q13924",42.775833,15.426111,"Adriatic Sea","sea"
"61","Q111224",54.1667,9.66667,"Holstein","default"
"62","Q2978",49.0166666666667,12.0833333333333,"Regensburg","default"
"63","Q130321",40.1583333333333,24.3272222222222,"Mount Athos","mountain"
"64","Q1024",46.378333,13.836667,"Triglav","mountain"
"65","Q1015486",51.14559,17.07833,"Psie Pole","default"
"66","Q15288",60.8427777777778,31.4597222222222,"Lake Ladoga","default"
"67","Q102762",47.1,39.416666666667,"Azov","default"
"68","Q993",57,160,"Kamchatka Peninsula","default"
"69","Q3493793",48.996361111111,19.069169444444,"Lysec","mountain"
"70","Q3491363",49.5811,18.5874,"Beskydy Protected Landscape Area","default"
"71","Q3150",50.927222222222,11.586388888889,"Jena","default"
"72","Q645",59.9447,30.3094,"Neva","river"
"73","Q4018",42.816666666667,-1.65,"Navarre","default"
"74","Q15682",36.535,-6.2975,"Cádiz","default"
"75","Q7596262",50.616666666667,13.966666666667,"Stadice","default"
"76","Q36",52,19,"Poland","country"
"77","Q1229",47.0864,39.2386,"Don","river"
"78","Q233576",37.5977777777778,23.0744444444444,"Epidaurus","default"
"79","Q29",40.2,-3.5,"Spain","country"
"80","Q122443",38.0027,23.81,"Attica","default"
"81","Q23522",42,22,"Balkans","default"
"82","Q1286",46.5780555555556,8.615,"Alps","mountain"
"83","Q131210",46.3041,30.2736,"Dniester","river"
"84","Q179251",48.61619,16.940149,"Morava","river"
"85","Q201582",40,20.75,"Pindus","mountain"
"86","Q223",72,-40,"Greenland","default"
"87","Q617",45.406388888889,11.877777777778,"Padua","default"
"88","Q6247",45.156388888889,10.791111111111,"Mantua","default"
"89","Q79",27,29,"Egypt","country"
"90","Q4373",50.078333333333,14.319444444444,"Battle of White Mountain","default"
"91","Q3834",47.663333333333,9.1752777777778,"Constance","default"
"92","Q159",66.4166666666667,94.25,"Russia","country"
"93","Q649",55.755833333333,37.617777777778,"Moscow","default"
"94","Q207927",52.549722222222,30.25,"Berezina River","river"
"95","Q17252",29.65,91.1,"Tibet","default"
"96","Q378120",50.0872,14.4628,"Žižkov","default"
"97","Q660795",48.471111111111,16.8525,"Dürnkrut","default"
"98","Q58477",41.105555555556,14.213888888889,"Capua","default"
"99","Q13670",37.069166666667,15.2875,"Syracuse","default"
"100","Q32",49.77,6.13,"Luxembourg","country"
"101","Q131638",42.066666666667,19.5,"Shkodër","default"
"102","Q1453427",50.08771,14.4227,"Church of Our Lady before Týn","default"
"103","Q155045",50.529384,14.134078,"Ohře","river"
"104","Q858",35.216667,38.583333,"Syria","country"
"105","Q1013032",50.05444,14.36472,"Jinonice","default"
"106","Q2669840",49.98505094853,15.295164439588,"Hlízov","default"
"107","Q12029066",49.9744,15.2708,"Kaňk","default"
"108","Q35600",60,59,"Ural Mountains","mountain"
"109","Q38",42.5,12.5,"Italy","country"
"110","Q626",45.695,47.8975,"Volga","river"
"111","Q845990",49.1628335,20.000047,"Kriváň","mountain"
"112","Q213",50,15,"Czech Republic","country"
"113","Q5836",39.866666666667,-4.0333333333333,"Toledo","default"
"114","Q22647",39.9575,26.238888888889,"Troy","default"
"115","Q142",47,2,"France","country"
"116","Q163329",32.766667,35.333333,"Canaan","default"
"117","Q43453",49.741388888889,13.3825,"Plzeň","default"
"118","Q168234",49.860330117712,13.772679609569,"Zbiroh","default"
"119","Q674016",50.0831944444444,17.2308611111111,"Praděd","mountain"
"120","Q1008595",50.627013945049,15.609473689336,"Vrchlabí","default"
"121","Q83241",32.76,35.527,"Galilee","default"
"122","Q5776",31.704444444444,35.206111111111,"Bethlehem","default"
"123","Q37985",46.7525,13.8617,"Carinthia","default"
"124","Q60956",31.665833333333,34.566388888889,"Ashkelon","default"
"125","Q15",21.09375,7.1881,"Africa","continent"
"126","Q41",38.5,23,"Greece","country"
"127","Q4040",41,-1,"Aragon","default"
"128","Q427604",50.083611111111,14.395277777778,"Petřín","mountain"
"129","Q202422",37.9380555555556,23.4852777777778,"Salamis Island","default"
"130","Q40059",31.761388888889,35.558333333333,"Jordan River","river"
"131","Q812",28.133333333333,-81.631666666667,"Florida","default"
"132","Q40855",46.4964,32.2872,"Dnieper","river"
"133","Q3255",53.933333333333,14.083333333333,"Usedom","default"
"134","Q128087",39.21,26.28,"Lesbos","default"
"135","Q1587293",49.625260549903,16.372967344933,"Hartmanice","default"
"136","Q19686",51.6944444444444,-2.02972222222222,"River Thames","river"
"137","Q602",43.3342,4.8442,"Rhône","default"
"138","Q1641699",50.168272849798,14.054657380156,"Libušín","default"
"139","Q279943",49.188915,14.701045,"Lužnice","river"
"140","Q10856807",49.5603,17.9506,"Janovice","default"
"141","Q2486621",54.484,-3.5306,"Egremont","default"
"142","Q16869",41.0125,28.98,"Constantinople","default"
"143","Q8826",39.566666666667,2.6497222222222,"Palma de Mallorca","default"
"144","Q171150",47,19,"Kingdom of Hungary","default"
"145","Q487372",40.166666666667,63.666666666667,"Bukhara Region","default"
"146","Q2337",54.782777777778,32.045277777778,"Smolensk","default"
"147","Q980",49.0786111111111,11.3855555555556,"Bavaria","default"
"148","Q1288",47,25.5,"Carpathian Mountains","mountain"
"149","Q370445",48.6805555555556,19.9455555555556,"Tisovec","default"
"150","Q1218",31.7788888888889,35.2255555555556,"Jerusalem","default"
"151","Q740863",50.68558429129,14.53774710235,"Česká Lípa","default"
"152","Q1823216",50.407910682451,14.446835371569,"Liběchov","default"
"153","Q470445",49.472222222222,17.110555555556,"Prostějov","default"
"154","Q194242",50.7167,15.0667,"Sudetenland","default"
"155","Q594147",48.991111111111,13.818333333333,"Boubín","mountain"
"156","Q1278569",45.81611111,15.97388889,"Gradec","default"
"157","Q405383",44.151284,22.639277,"Bregovo","default"
"158","Q753919",44.213611111111,22.670277777778,"Timok","river"
"159","Q157246",41.031944444444,21.334722222222,"Bitola","default"
"160","Q149214",41.4451,23.2775,"Strumica","river"
"161","Q10555398",45.3333333333333,39,"Kuban","default"
"162","Q5089",30.1451,78.5974,"Ganges","river"
"163","Q546",45.6502777777778,13.7702777777778,"Trieste","default"
"164","Q1000046",49.298546446655,16.53146211908,"Kuřim","default"
"165","Q812761",49.645829055721,18.372367848188,"Baška","default"
"166","Q8385",49.835555555556,18.2925,"Ostrava","default"
"167","Q210205",47.5,19.1,"Pest","default"
"168","Q166",43.41,34.26,"Black Sea","default"
"169","Q1524",37.9841666666667,23.7280555555556,"Athens","default"
"170","Q164486",49.530886486589,15.457117105231,"Herálec","default"
"171","Q21",53,-1,"England","country"
"172","Q2807",40.4169444444444,-3.70333333333333,"Madrid","default"
"173","Q583910",50.223996008844,12.195074300926,"Aš","default"
"174","Q1093421",48.272777777778,24.374722222222,"Yasinya","default"
"175","Q9264038",49.6856,18.3506,"Frýdek","default"
"176","Q90",48.8566666666667,2.35222222222222,"Paris","default"
"177","Q536924",36.74416667,36.95916667,"Cyrrhus","default"
"178","Q1792",54.35,18.6666666666667,"Gdańsk","default"
"179","Q36755",29.5,33.8333333333333,"Sinai Peninsula","default"
"180","Q597",38.708042,-9.139016,"Lisbon","default"
"181","Q383386",51.013322222222,13.661747222222,"Potschappel","default"
"182","Q18869",42.261111111111,44.121111111111,"Caucasus","default"
"183","Q5622",55.3369,21.2492,"Neman","river"
"184","Q22",57,-5,"Scotland","country"
"185","Q12439",42.331666666667,-83.0475,"Detroit","default"
"186","Q64",52.516666666667,13.383333333333,"Berlin","default"
"187","Q1693",56,3,"North Sea","default"
"188","Q776965",55.7125,21.135,"Klaipėda","default"
"189","Q393426",50.327264913574,13.545859487384,"Žatec","default"
"190","Q505288",49.516666666667,10.466666666667,"Ipsheim","default"
"191","Q22756",49.191666666667,6.9683333333333,"Spicheren","default"
"192","Q491239",40.8,-81.375,"Canton","default"
"193","Q6986",50.948888888889,10.718333333333,"Gotha","default"
"194","Q152854",36,-5.35,"Pillars of Hercules","default"
"195","Q130135",31.0619444444444,-7.91611111111111,"Atlas Mountains","mountain"
"196","Q155721",51.800555555556,10.617222222222,"Brocken","mountain"
"197","Q34589",31.0043,47.442,"Euphrates","river"
"198","Q12724",46.316666666667,8.8166666666667,"Ticino","default"
"199","Q261399",50.636666666667,2.2588888888889,"Thérouanne","default"
"200","Q727",52.3727777777778,4.89361111111111,"Amsterdam","default"
"201","Q201385",40.735277777778,14.275277777778,"Gulf of Naples","default"
"202","Q1055",53.55,10,"Hamburg","default"
"203","Q491788",48.983611111111,12.058888888889,"Pentling","default"
"204","Q991372",33.240277777778,35.653055555556,"Dan","default"
"205","Q25286",59.849760548324,17.638946597524,"Uppsala","default"
"206","Q131716",56.928333333333,11.428055555556,"Kattegat","default"
"207","Q406",41.01,28.960277777778,"Istanbul","default"
"208","Q552",53.6017,14.5897,"Oder","river"
"209","Q1711",52.4,13.066666666667,"Potsdam","default"
"210","Q13696",45.1596,12.3311,"Adige","river"
"211","Q1017",50.776207,6.083788,"Aachen","default"
"212","Q2044",43.771388888889,11.254166666667,"Florence","default"
"213","Q45",38.7,-9.18333333333333,"Portugal","country"
"214","Q12444",50.683333333333,7.1833333333333,"Königswinter","default"
"215","Q1726",48.1375,11.575,"Munich","default"
"216","Q84",51.507222222222,-0.1275,"London","default"
"217","Q1851740",34.996388888889,-85.350833333333,"Lookout Mountain","default"
"218","Q12792",44,5.1666666666667,"Vaucluse","default"
"219","Q1120038",54.638055555556,-8.6813888888889,"Slieve League","mountain"
"220","Q5451",29,84,"Himalayas","mountain"
"221","Q22890",53.351,-7.921,"Ireland","default"
"222","Q23148",50.3,-4.9,"Cornwall","default"
"223","Q40430",-12.52,-41.69,"Bahia","default"
"224","Q493261",37.9063131,-122.064963,"Walnut Creek","default"
"225","Q476913",41.94,-123.48,"Siskiyou Mountains","mountain"
"226","Q188155",36.8466666666667,54.43,"Gorgan","default"
"227","Q668",22.8,83,"India","country"
"228","Q3392",31.4653,30.3667,"Nile","river"
"229","Q11767",33.7,43.5,"Mesopotamia","default"
"230","Q2868",-12.06,-77.0375,"Lima","default"
"231","Q192896",54.8947222222222,-2.93638888888889,"Carlisle","default"
"232","Q209176",52.398055555556,0.26222222222222,"Ely","default"
"233","Q2041191",52.15,0.0533,"Haslingfield","default"
"234","Q739037",40.429,29.7195,"Nicaea","default"
"235","Q1471",49.434722222222,0.1175,"Seine","default"
"236","Q163108",48.647222222222,-2.0088888888889,"Saint-Malo","default"
"237","Q46",48.690959,9.14062,"Europe","continent"
"238","Q189",65,-19,"Iceland","country"
"239","Q434165",53.3851,-6.0591,"Howth","default"
"240","Q4856854",52.3582,-9.8368,"Banna Strand","default"
"241","Q6869752",45.7746,-64.3615,"Minudie","default"
"242","Q5684",32.5425,44.4211111111111,"Babylon","default"
"243","Q1509",36,-86,"Tennessee","default"
"244","Q207639",50.8365,-0.7792,"Chichester","default"
"245","Q229",35,33,"Cyprus","country"
"246","Q31945",23,46,"Arabian Peninsula","default"
"247","Q170263",53.2,-2.8833333333333,"Chester","default"
"248","Q953957",51.589,-1.427,"Wantage","default"
"249","Q1308",45.81025,9.0861388888889,"Como","default"
"250","Q490",45.466944444444,9.19,"Milan","default"
"251","Q23220",51.42,-1,"Berkshire","default"
"252","Q2405266",51.677,-1.667,"Buscot","default"
"253","Q29520",35,105,"China","default"
"254","Q794",32,53,"Iran","country"
"255","Q936301",52.242138888889,-6.9688611111111,"Barrow","river"
"256","Q45797",51.037777777778,2.3763888888889,"Dunkirk","default"
"257","Q1020354",54.7136111111111,-5.8075,"Carrickfergus","default"
"258","Q192820",52.6767,-8.7545,"River Shannon","river"
"259","Q1520625",52.43,-7.563,"Slievenamon","mountain"
"260","Q1016302",51.85,-9.2333333333333,"Ballingeary","default"
"261","Q550995",53.5425,0.0925,"Humber","river"
"262","Q535233",50.804,-1.978,"Wimborne Minster","default"
"263","Q216185",51.5073,-0.12755,"Charing Cross","default"
"264","Q41843",31.258888888889,34.797777777778,"Beersheba","default"
"265","Q1761",53.3497222222222,-6.26027777777778,"Dublin","default"
"266","Q735865",50.9133,2.9181,"Langemark-Poelkapelle","default"
"267","Q1860807",50.697980555556,-1.1123694444444,"St Helens","default"
"268","Q854791",24.25256,97.23357,"Bhamo","default"
"269","Q217142",53.068863888889,-4.0755888888889,"Snowdon","mountain"
"270","Q170497",51.864444444444,-2.2444444444444,"Gloucester","default"
"271","Q7356450",51.739,-2.228,"Rodborough","default"
"272","Q2255910",53.3269,-0.6748,"Stow","default"
"273","Q2620177",42.239167,-71.808333,"College of the Holy Cross","default"
"274","Q824",43.9358333333333,-120.575,"Oregon","default"
"275","Q724",45.5,-69,"Maine","default"
"276","Q1715",52.374444444444,9.7386111111111,"Hanover","default"
"277","Q168225",31.535,35.098611111111,"Hebron","default"
"278","Q7348",31.2421,81.7684,"Indus River","river"
"279","Q1433715",54.916111111111,-1.3577777777778,"River Wear","river"
"280","Q200942",51.558333333333,-1.7811111111111,"Swindon","default"
"281","Q16",56,-109,"Canada","country"
"282","Q298",-33,-71,"Chile","country"
"283","Q81178",69,-72,"Baffin Island","default"
"284","Q82601",-54,-70,"Tierra del Fuego","default"
"285","Q99",37,-120,"California","default"
"286","Q96",23,-102,"Mexico","country"
"287","Q1034291",46.15,-60.1667,"Cape Breton","default"
"288","Q13712",41.740555555556,12.233333333333,"Tiber","river"
"289","Q1952",45,-63,"Nova Scotia","default"
"290","Q1383",44.592584,-82.756293,"Lake Huron","default"
"291","Q59457",48.864722222222,5.7436111111111,"Xivray-et-Marvoisin","default"
"292","Q1089844",49.663333333333,2.4922222222222,"Cantigny","default"
"293","Q167152",49.381111111111,3.3225,"Soissons","default"
"294","Q1011096",51.2226,1.4006,"Deal","default"
"295","Q212150",38.155,23.963611111111,"Marathon","default"
"296","Q7140795",53.194,0.109657,"Partney","default"
"297","Q9427",16.773333055556,-2.9994438888889,"Timbuktu","default"
"298","Q25610",51.5541,-0.1744,"Hampstead","default"
"299","Q40747",44.3683611111111,-100.351138888889,"Pierre","default"
"300","Q195413",54.75,-3.6666666666667,"Solway Firth","default"
"301","Q746518",50.815,-2.2766666666667,"Milton Abbas","default"
"302","Q1003997",32.5,34.9,"Judaea","default"
"303","Q686818",49.3066666666667,6.82305555555556,"Schwalbach","default"
"304","Q285879",49.966944444444,7.895,"Bingen am Rhein","default"
"305","Q3476563",37.255,-122.38138888889,"Pescadero","default"
"306","Q16990",37.7508345148182,14.9932202888121,"Mount Etna","default"
"307","Q535902",54.0084,-1.467,"Knaresborough","default"
"308","Q959127",42.375,-70.749444444444,"Massachusetts Bay","default"
"309","Q662059",36.494166666667,-6.2169444444444,"Bay of Cádiz","default"
"310","Q216868",37.2480611111111,-76.1194388888889,"Chesapeake Bay","default"
"311","Q43196",39.1,-84.5125,"Cincinnati","default"
"312","Q2028",45.4386111111111,10.9927777777778,"Verona","default"
"313","Q2634",40.833333333333,14.25,"Naples","default"
"314","Q3071035",51.953,-1.123,"Fringford","default"
"315","Q5753",39.6547222222222,66.9758333333333,"Samarkand","default"
"316","Q865849",53.0914,-7.9133,"Birr","default"
"317","Q83407",50.4549568,3.951958,"Mons","default"
"318","Q3138",49.75565,6.63935,"Trier","default"
"319","Q37995",16.795,96.16,"Yangon","default"
"320","Q185518",21.9830555555556,96.0844444444444,"Mandalay","default"
"321","Q456624",30.378611111111,76.7725,"Ambala","default"
"322","Q213026",28.364,79.415,"Bareilly","default"
"323","Q39121",53.7975,-1.54361111111111,"Leeds","default"
"324","Q1006232",51.4916666666667,0.0666666666666667,"Woolwich","default"
"325","Q1195983",33.586944444444,71.441388888889,"Kohat","default"
"326","Q83786",31.103333333333,77.172222222222,"Shimla","default"
"327","Q1113311",34.0144444444444,71.5675,"Peshawar","default"
"328","Q289273",24.648265,71.267767,"Luni River","river"
"329","Q380307",54,-62,"Labrador","default"
"330","Q3846",52.2883333333333,8.91666666666667,"Minden","default"
"331","Q121104",36.7,67.116666666667,"Balkh","default"
"332","Q139706",29.3875,76.97,"Panipat","default"
"333","Q123741",51.5158,-0.0318,"Limehouse","default"
"334","Q173148",37.393333333333,25.271111111111,"Delos","default"
"335","Q191333",34.11,71.111666666667,"Khyber Pass","default"
"336","Q733093",51.851,-8.2967,"Cobh","default"
"337","Q1117354",50.055555555556,3.1241666666667,"Gouzeaucourt","default"
"338","Q896037",53.722083333333,-6.2435277777778,"River Boyne","river"
"339","Q80338",23.9888,88.7311,"Bengal","default"
"340","Q132724",55.9,94.9,"Borodino","default"
"341","Q132564",37.730833333333,22.756111111111,"Mycenae","default"
"342","Q68815586",56.59544261,-3.003357172,"Glamis","default"
"343","Q100",42.3602777777778,-71.0577777777778,"Boston","default"
"344","Q2918297",-33.8855555555556,151.2413889,"Woollahra","default"
"345","Q43",39,36,"Turkey","country"
"346","Q176",52,-72,"Quebec","default"
"347","Q385060",51.4736,-0.0912,"Camberwell","default"
"348","Q1346856",33.249,35.652,"Dan","default"
"349","Q2302305",41.343055555556,-70.745277777778,"Chilmark","default"
"350","Q36647",51.9,-8.4730555555556,"Cork","default"
"351","Q1973",54.5,-124.5,"British Columbia","default"
"352","Q62",37.7775,-122.416388888889,"San Francisco","default"
"353","Q40191",-42.883333333333,147.31666666667,"Hobart","default"
"354","Q1285",43.281667,12.581944,"Apennine Mountains","mountain"
"355","Q1930746",51.5486,-9.2636,"Skibbereen","default"
"356","Q1439",31,-100,"Texas","default"
"357","Q33959",43.701944444444,7.2683333333333,"Nice","default"
"358","Q82070",33.266666666667,35.2,"Tyre","default"
"359","Q1297",41.85003,-87.65005,"Chicago","default"
"360","Q771",42.3,-71.8,"Massachusetts","default"
"361","Q5330799",43.0167,-85.9564,"Eastmanville","default"
"362","Q19709",51.9964,-2.1636,"River Avon","river"
"363","Q180294",32.052222222222,34.753055555556,"Jaffa","default"
"364","Q182343",42.8842,-78.9142,"Niagara River","river"
"365","Q40435",42.8863888888889,-78.8780555555556,"Buffalo","default"
"366","Q487564",43.41,-74.96,"Herkimer County","default"
"367","Q1360927",57.75,-3.5,"Moray Firth","default"
"368","Q12431",42.666666666667,1,"Pyrenees","mountain"
"369","Q203950",36.183333333333,-6.0333333333333,"Cape Trafalgar","default"
"370","Q986634",46.496944444444,-84.345555555556,"Sault Ste. Marie","default"
"371","Q745295",36.559,22.4303,"Mani Peninsula","default"
"372","Q5303081",50.3618,-4.3701,"Downderry","default"
"373","Q1024896",50.3535,-4.454,"Looe","default"
"374","Q7289328",50.3246,-4.2133,"Rame","default"
"375","Q23154",51.4536111111111,-2.5975,"Bristol","default"
"376","Q6454",50.9475,1.8555555555556,"Calais","default"
"377","Q318306",-17.876388888889,36.887222222222,"Quelimane","default"
"378","Q135744",29.3013889,-94.7977778,"Galveston","default"
"379","Q42462",53.95,-1.0833333333333,"York","default"
"380","Q917319",39.083333333333,-9.2666666666667,"Torres Vedras","default"
"381","Q1757559",51.27,-2.12,"Bratton","default"
"382","Q23156",50.7,-3.8,"Devon","default"
"383","Q7687213",40.2701388888889,140.446861111111,"Tashiro","default"
"384","Q812895",50.7375,0.2475,"Beachy Head","default"
"385","Q991055",51.714180555556,-5.0427388888889,"Milford Haven","default"
"386","Q23298",51.19,0.73,"Kent","default"
"387","Q7114777",50.95,-1.54,"Ower","default"
"388","Q2292191",54.651388888889,-3.1477777777778,"Skiddaw","mountain"
"389","Q7355468",52.585138888889,1.4117694444444,"Rockland St Mary","default"
"390","Q2568918",52.5791,0.98283888888889,"Hingham","default"
"391","Q130191",52.6286111111111,1.29277777777778,"Norwich","default"
"392","Q1134899",-25.983333333333,32.7,"Maputo Bay","default"
"393","Q14294",38.8525,-9.0137,"Tagus River","river"
"394","Q14299",41.14,-8.66,"Douro","river"
"395","Q23792",31.625321,35.145264,"Palestine","default"
"396","Q2471",15.35,44.2,"Sanaa","default"
"397","Q102728",50.8508333333333,2.885,"Ypres","default"
"398","Q163584",54.991666666667,-7.3416666666667,"Derry","default"
"399","Q1413986",52.48294,-9.68903,"River Feale","river"
"400","Q503262",55.764164,-1.986574,"River Tweed","river"
"401","Q241021",48.816388888889,2.3211111111111,"Montrouge","default"
"402","Q130978",19.5511111111111,-89.2963888888889,"Yucatan Peninsula","default"
"403","Q45240",43.738942,7.425237,"Monte Carlo","default"
"404","Q372324",64.066666666667,-139.42916666667,"Dawson City","default"
"405","Q179224",51.1275,1.3122222222222,"Dover","default"
"406","Q1546553",64.9233,-157.5539,"Koyukuk River","river"
"407","Q2497835",50.908480555556,-0.53403888888889,"Amberley","default"
"408","Q7620330",50.9178,-0.45459,"Storrington","default"
"409","Q5456",-32.65333333,-70.01166667,"Andes","mountain"
"410","Q189387",40.7311111111111,13.8955555555556,"Ischia","default"
"411","Q2065416",51.5262,-0.1178,"St Pancras","default"
"412","Q149836",51.541,-0.1433,"Camden Town","default"
"413","Q2702410",46.65873056,-53.07285278,"Cape Race","default"
"414","Q1490",35.6894444444444,139.691666666667,"Tokyo","default"
"415","Q12898802",37.6,22.2,"Arcadia","default"
"416","Q690347",36.125833333333,-5.3430555555556,"Rock of Gibraltar","default"
"417","Q648",50.631944444444,3.0575,"Lille","default"
"418","Q79848",50.9066666666667,-1.40444444444444,"Southampton","default"
"419","Q134672",50.7255555555556,-3.52694444444444,"Exeter","default"
"420","Q134514",29.966666666667,32.533333333333,"Suez","default"
"421","Q4558",46.8505,-121.76,"Cascade Range","mountain"
"422","Q604141",47.8331,-122.435,"Puget Sound","default"
"423","Q230",42,44,"Georgia","country"
"424","Q1393",39,-75.5,"Delaware","default"
"425","Q179444",38,-76.335,"Potomac River","river"
"426","Q3140",40.6001,-74.042,"Hudson River","river"
"427","Q326295",41.9586111111111,-70.6677777777778,"Plymouth","default"
"428","Q129705",40.390836111111,-111.64594444444,"Mount Timpanogos","mountain"
"429","Q15282",25.566666666667,-99.970555555556,"Nuevo León","default"
"430","Q4736866",43.47,-71.234166666667,"Alton Bay","default"
"431","Q34903434",43.90063,-71.49813,"Sandwich Dome","mountain"
"432","Q6726033",43.3873,-71.0673,"Mad River","river"
"433","Q894570",42.34394444,-71.06597222,"Boston Neck","default"
"434","Q233",35.8833333333333,14.5,"Malta","country"
"435","Q23666",53.833333333333,-2.4166666666667,"Great Britain","default"
"436","Q185318",32.72062,35.03145,"Mount Carmel","mountain"
"437","Q134287",36.916666666667,34.9,"Tarsus","default"
"438","Q2817296",37.7306,-99.9347,"Fort Dodge","default"
"439","Q13498",40.4711111111111,17.2430555555556,"Taranto","default"
"440","Q159987",50.5,2.5,"Artois","default"
"441","Q27",53,-8,"Republic of Ireland","country"
"442","Q233733",46.255833333333,6.1080555555556,"Ferney-Voltaire","default"
"443","Q56761602",38.2567,23.1717,"Leuctra","default"
"444","Q235297",48.785,-3.2325,"Tréguier","default"
"445","Q41183",36.2,37.16,"Aleppo","default"
"446","Q1367759",32.6577,51.6692,"Isfahan Province","default"
"447","Q845909",44.94278,34.12056,"Scythia","default"
"448","Q186115",48.886944444444,2.3411111111111,"Montmartre","default"
"449","Q17",35,136,"Japan","country"
"450","Q10965",40.728527124206,0.86929321289062,"Ebro","river"
"451","Q208267",50.4619,4.8708,"Sambre","river"
"452","Q171009",45.543888888889,18.926666666667,"Drava","river"
"453","Q1548355",41.896667,12.496667,"Suburra","default"
"454","Q202368",48.5775,-3.8277777777778,"Morlaix","default"
"455","Q71661",47.843611111111,-3.2669444444444,"Inzinzac-Lochrist","default"
"456","Q913286",43.790094,11.196478,"Mugnone","river"
"457","Q82670",43.8,11.3,"Fiesole","default"
"458","Q6602",48.573333333333,7.7522222222222,"Strasbourg","default"
"459","Q151330",52.403257,13.038626,"Sanssouci","default"
"460","Q1469",47.27,-2.1844444444444,"Loire","default"
"461","Q822",33.833333,35.766667,"Lebanon","country"
"462","Q14309",36.7913,-6.3567,"Guadalquivir","river"
"463","Q195958",43.755833333333,-0.68611111111111,"Toulouzette","default"
"464","Q6582",43.215833333333,2.3513888888889,"Carcassonne","default"
"465","Q1479",44.837777777778,-0.57944444444444,"Bordeaux","default"
"466","Q10305",41.65,-0.88333333333333,"Zaragoza","default"
"467","Q1851236",48.863288888889,2.3665083333333,"Boulevard du Temple","default"
"468","Q184371",49.701944444444,4.9402777777778,"Sedan","default"
"469","Q519640",51.283333333333,11.9,"Braunsbedra","default"
"470","Q1060595",49.084444444444,4.7736111111111,"Valmy","default"
"471","Q552165",51.099444444444,11.5875,"Auerstedt","default"
"472","Q173695",48.173611111111,6.4516666666667,"Épinal","default"
"473","Q85",30.0444444444444,31.2358333333333,"Cairo","default"
"474","Q20",65,11,"Norway","country"
"475","Q525811",37.176944444444,-3.5852777777778,"Generalife","default"
"476","Q1075988",48.861028,2.335886,"Louvre Palace","default"
"477","Q208081",42.6309916666667,0.656686111111111,"Aneto","mountain"
"478","Q199910",10.1833333333333,-74.2333333333333,"Magdalena Department","default"
"479","Q1500472",48.040277777778,-4.7411111111111,"Pointe du Raz","default"
"480","Q5687",31.856111111111,35.463055555556,"Jericho","default"
"481","Q192483",39.916666666667,25.25,"Lemnos","default"
"482","Q2887644",42.883333333333,-0.016666666666667,"Bastan","river"
"483","Q791134",39.05,-7.8833333333333,"Avis","default"
"484","Q22801",48.522222222222,7.5283333333333,"Altorf","default"
"485","Q5715",29.85412,31.25934,"Memphis","default"
"486","Q696193",34.8065,48.516247,"Ecbatana","default"
"487","Q909357",46.826388888889,6.2894444444444,"Malpas","default"
"488","Q5699",30.962222,46.104444,"Ur","default"
"489","Q6514",40.2,26.4,"Dardanelles","default"
"490","Q173096",38.5,24,"Euboea","default"
"491","Q101583",25.720555555556,32.610277777778,"Thebes","default"
"492","Q6681413",56.4167,-5.46667,"Lorne","default"
"493","Q134674",43.4925,-1.4763888888889,"Bayonne","default"
"494","Q3542400",43.694687,-0.32626,"Tursan","default"
"495","Q31424",41.302248,2.131948,"Llobregat","river"
"496","Q52174",40.147825,18.485933,"Otranto","default"
"497","Q200201",43.337806,-1.788806,"Irun","default"
"498","Q80985",34.0433333333333,-5.00333333333333,"Fez","default"
"499","Q6839",42.266666666667,2.95,"Figueres","default"
"500","Q2609855",42.0804801331573,13.4085813364249,"Albe","default"
"501","Q23406",22,38,"Red Sea","sea"
"502","Q170427",42.78421,24.97626,"Balkan Mountains","mountain"
"503","Q490670",50.338055555556,7.7105555555556,"Bad Ems","default"
"504","Q207239",36.2575,22.9975,"Kythira","default"
"505","Q11769",65.75,-168.976944444444,"Bering Strait","default"
"506","Q641203",48.16666667,-1,"Armorica","default"
"507","Q133274",55.7516666666667,37.6177777777778,"Moscow Kremlin","default"
"508","Q34925",41.893333333333,12.483055555556,"Capitoline Hill","default"
"509","Q12191",47.217222222222,-1.5538888888889,"Nantes","default"
"510","Q8810",37.178055555556,-3.6008333333333,"Granada","default"
"511","Q845310",41.2,9.4666666666667,"Caprera","default"
"512","Q204430",48.684444444444,-1.3569444444444,"Avranches","default"
"513","Q75459",38.4823,22.5013,"Delphi","default"
"514","Q1686757",50.448422,3.8894392,"Jemappes","default"
"515","Q192184",-15.9245,-5.7181,"Saint Helena, Ascension and Tristan da Cunha","default"
"516","Q1865480",48.853333,2.369167,"Bastille","default"
"517","Q42810",49.494166666667,0.10805555555556,"Le Havre","default"
"518","Q5690",37.081944444444,22.423611111111,"Sparta","default"
"519","Q34001",50.69,3.1816666666667,"Roubaix","default"
"520","Q572191",41.024189,13.9277981,"Volturno","river"
"521","Q854",7,81,"Sri Lanka","country"
"522","Q46490",45.3583333333333,11.2861111111111,"Arcole","default"
"523","Q6403",46.45,6.55,"Lake Geneva","default"
"524","Q191082",37.73,23.49,"Aegina","default"
"525","Q742538",38.22136,23.27388,"Plataea","default"
"526","Q183",51,10,"Germany","country"
"527","Q45412",40.2111111111111,-8.42888888888889,"Coimbra","default"
"528","Q565751",39.23651,20.71472,"Epirus","default"
"529","Q322453",48.777777777778,-3.0463888888889,"Paimpol","default"
"530","Q71657",47.569166666667,-2.9452777777778,"Locmariaquer","default"
"531","Q848831",50.78333333,4.63333333,"Province of Brabant","default"
"532","Q1720",49.9994444444444,8.27361111111111,"Mainz","default"
"533","Q9580",42.340833333333,-3.6997222222222,"Burgos","default"
"534","Q8717",37.383333333333,-5.9833333333333,"Seville","default"
"535","Q269732",49.7575,0.37916666666667,"Fécamp","default"
"536","Q80344",40.06,22.35,"Mount Olympus","mountain"
"537","Q12753",48.6,3,"Seine-et-Marne","default"
"538","Q96601828",48.88252,2.257977,"Parc de la Folie Saint-James","default"
"539","Q96099935",48.426629,2.74411,"Valvins","default"
"540","Q318432",48.549722222222,-1.7508333333333,"Dol-de-Bretagne","default"
"541","Q131792",2.318,-63.3617,"Orinoco River","river"
"542","Q62646",50.9,11.1,"Germania","default"
"543","Q166131",18.2176,-67.8639,"Antilles","default"
"544","Q3432892",45.4272,12.31995,"rio di San Biagio","default"
"545","Q271085",44.19,5.9463888888889,"Sisteron","default"
"546","Q127775",47.931666666667,-2.3975,"Ploërmel","default"
"547","Q455657",43.454444444444,4.9436111111111,"Fos-sur-Mer","default"
"548","Q47465",43.527777777778,5.4455555555556,"Aix-en-Provence","default"
"549","Q752189",48.645555555556,2.0761111111111,"Limours","default"
"550","Q834",46.066666666667,7.6,"Valais","default"
"551","Q130514",25.6966666666667,32.6444444444444,"Luxor","default"
"552","Q13329",45.05,9.7,"Piacenza","default"
"553","Q989552",50.439166666667,2.2097222222222,"Érin","default"
"554","Q209086",48.898055555556,2.4072222222222,"Pantin","default"
"555","Q2701404",48.8661,2.3837,"Ménilmontant","default"
"556","Q3399184",48.8372,2.26,"porte du Point-du-Jour","default"
"557","Q1463559",48.88611111,2.37638889,"Quartier de la Villette","default"
"558","Q922498",32.55,35.85,"Gilead","default"
"559","Q3783",0.707777777777778,-50.0894444444444,"Amazon","river"
"560","Q5332",51.533333333333,46,"Saratov","default"
"561","Q204648",42.518055555556,3.105,"Port-Vendres","default"
"562","Q477021",49.340555555556,4.87,"Grandpré","default"
"563","Q3306",9,-79.5,"Panama City","default"
"564","Q273827",49,4,"Champagne","default"
"565","Q649125",49.15,4.9666666666667,"Forest of Argonne","mountain"
"566","Q206493",48.823055555556,2.2108333333333,"Sèvres","default"
"567","Q194160",48.800833333333,2.2619444444444,"Clamart","default"
"568","Q234735",48.8075,2.2402777777778,"Meudon","default"
"569","Q103011",37.9386111111111,22.9272222222222,"Corinth","default"
"570","Q70",46.94798,7.44743,"Bern","default"
"571","Q1588",31,-92,"Louisiana","default"
"572","Q148",35.8447222222222,103.451944444444,"People's Republic of China","country"
"573","Q34615",45.05,12.05,"Adria","default"
"574","Q683578",45.08333333,7.76666667,"Superga","default"
"575","Q12508",29.976111,31.132778,"Giza pyramid complex","default"
"576","Q16512",40.30406,-3.539275,"Manzanares","river"
"577","Q643",44.97,12.546944444444,"Po","river"
"578","Q156882",37.75,26.8333,"Samos","default"
"579","Q55416",45.21891,12.27854,"Chioggia","default"
"580","Q19826",45.07094444,7.68577778,"Palazzo Madama and Casaforte degli Acaja, Turin","default"
"581","Q4132377",59.932944,30.29306,"Galernaia Street (Saint Petersburg)","default"
"582","Q167668",56.508333333333,21.011111111111,"Liepāja","default"
"583","Q2981",48.853,2.3498,"Notre-Dame de Paris","default"
"584","Q173292",40.55,14.233333333333,"Capri","default"
"585","Q4472241",55.7525,37.655833333333,"Zemlyanoy Val Street","default"
"586","Q592880",55.71,37.545,"Sparrow Hills","default"
"587","Q42956",45.75,126.63333333333,"Harbin","default"
"588","Q4498825",55.7969444444444,37.5113888888889,"Khodynka","river"
"589","Q34640",50,-2,"English Channel","sea"
"590","Q959",43.116666666667,131.9,"Vladivostok","default"
"591","Q4528198",59.48678,39.63471,"Shuya","river"
"592","Q590269",59.92625,30.273527777778,"Moyka River","river"
"593","Q60",40.7,-74,"New York City","default"
"594","Q43105",43.35254,42.437875,"Mount Elbrus","mountain"
"595","Q216",54.6872222222222,25.28,"Vilnius","default"
"596","Q58976",37.943,23.646944444444,"Piraeus","default"
"597","Q1899",50.45,30.523611111111,"Kyiv","default"
"598","Q172089",56.3328,43.9844,"Oka","river"
"599","Q43332",40.750556,14.489722,"Pompeii","default"
"600","Q430776",32.702102777778,35.29785,"Nazareth","default"
"601","Q4165502",59.936,30.3187,"Dom Iskusstv","default"
"602","Q156732",46.6425,32.625,"Kherson","default"
"603","Q202796",50.5503,30.5378,"Desna","river"
"604","Q40605",46.235,6.045,"Large Hadron Collider","default"
"605","Q1774112",68.7687735858091,161.694949313076,"Kolyma","default"
"606","Q1697",55.628,37.738,"Moscow Oblast","default"
"607","Q7342",50.0380555555556,19.2213888888889,"Oświęcim","default"
"608","Q33345",45.2,33.358333333333,"Yevpatoriia","default"
"609","Q157065",45.338611111111,36.468055555556,"Kerch","default"
"610","Q7835",45,34,"Crimea","default"
"611","Q78707",51.7279,94.4518,"Yenisey","river"
"612","Q4454",48.483333333333,135.06666666667,"Khabarovsk","default"
"613","Q1874",46.47747,30.73262,"Odesa","default"
"614","Q15322",58.733333333333,29.85,"Luga","default"
"615","Q656",59.95,30.316666666667,"Saint Petersburg","default"
"616","Q183464",57.862234,25.967155,"Livonia","default"
"617","Q196786",57.533333333333,38.333333333333,"Uglich","default"
"618","Q1460",37.599958333333,14.015377777778,"Sicily","default"
"619","Q1731",51.05,13.74,"Dresden","default"
"620","Q5428",60,105,"Siberia","default"
"621","Q41572",46.975,31.995,"Mykolaiv","default"
"622","Q79082",55.5903,51.5039,"Kama","river"
"623","Q30",39.828175,-98.5795,"United States of America","country"
"624","Q8542",37.1109,68.3147,"Panj River","river"
"625","Q898",54.966666666667,73.383333333333,"Omsk","default"
"626","Q3927",46.35,48.035,"Astrakhan","default"
"627","Q831190",31.771411111111,35.261325,"Bethany","default"
"628","Q377485",28.5384,33.9752,"Mount Sinai","mountain"
"629","Q7525",44.605,33.5225,"Sevastopol","default"
"630","Q3162344",55.716111111111,37.588055555556,"Neskuchny Garden","default"
"631","Q162737",58.1,93,"Angara","river"
"632","Q5971",50.916666666667,86.916666666667,"Altai Republic","default"
"633","Q419",-9.4,-76,"Peru","country"
"634","Q956",39.90403,116.407526,"Beijing","default"
"635","Q2235",58.52099,31.27579,"Veliky Novgorod","default"
"636","Q48",43.6811111111111,87.3311111111111,"Asia","continent"
"637","Q695265",27.0675,56.46,"Hormuz Island","default"
"638","Q2214",57.816666666667,28.333333333333,"Pskov","default"
"639","Q11225429",38.32388889,23.31722222,"Thebes","default"
"640","Q202163",55.715833333333,37.553611111111,"Luzhniki Stadium","default"
"641","Q5627",54.316666666667,48.366666666667,"Ulyanovsk","default"
"642","Q790987",58.94091,27.05566,"Avijõgi","river"
"643","Q33",65,27,"Finland","country"
"644","Q103789",55.383333333333,43.8,"Arzamas","default"
"645","Q2770",54.2,37.616666666667,"Tula","default"
"646","Q3766",33.513055555556,36.291944444444,"Damascus","default"
"647","Q12544",41.01527778,28.98472222,"Byzantine Empire","default"
"648","Q85416",53.1224,48.4551,"Kubra","river"
"649","Q7355",36.1241944444444,116.097666666667,"Yellow River","river"
"650","Q72303",39.70186,44.29842,"Mount Ararat","mountain"
"651","Q2288",56.857827777778,35.921927777778,"Tver","default"
"652","Q1935566",55.79472222,37.67638889,"Sokolniki District","default"
"653","Q132947",57.966666666667,33.25,"Valday","default"
"654","Q179751",40.0184,48.4535,"Aras River","river"
"655","Q156557",39.2864,49.4278,"Kura River","river"
"656","Q72425",40.823055555556,14.122222222222,"Pozzuoli","default"
"657","Q182445",45.4688,28.2072,"Prut","river"
"658","Q161994",50.742812790184,33.487908121222,"Romny","default"
"659","Q4462985",57.0569,28.8672,"Trigorskoe","default"
"660","Q160173",43.844532,25.953907,"Ruse","default"
"661","Q35997",38.41273,27.13838,"İzmir","default"
"662","Q915",58.013888888889,56.248888888889,"Perm","default"
"663","Q1287599",55.74972222,37.62638889,"Neglinnaya","default"
"664","Q205711",65.024444,35.710556,"Solovetsky Islands","default"
"665","Q188736",44.16,17.78,"Bosnia","default"
"666","Q287590",50.635,-4.354,"Launceston","default"
"667","Q2256594",45.750375,13.67458611,"Aurisina","default"
"668","Q807970",45.67944444,13.75444444,"Barcola","default"
"669","Q202760",45.724722222222,13.556111111111,"Soča","default"
"670","Q4165497",46.436572222222,14.060172222222,"Jesenice","default"
"671","Q8011202",46.15,15.05,"Trbovlje","default"
"672","Q281217",46.583333333333,15.916666666667,"Slovene Hills","default"
"673","Q53216",45.766666666667,13.366666666667,"Aquileia","default"
"674","Q437",46.0513888888889,14.5061111111111,"Ljubljana","default"
"675","Q554908",45.755875,13.832425,"Dutovlje","default"
"676","Q15861",45.57111,15.18889,"Črnomelj","default"
"677","Q1382",45.527107649,13.568531066,"Piran","default"
"678","Q15901",45.77435,14.21528,"Postojna","default"
"679","Q1887287",49.911073893165,15.224396689347,"Malešov","default"
"680","Q222",41,20,"Albania","country"
"681","Q270",52.23,21.0111111111111,"Warsaw","default"
"682","Q671415",47.566666666667,12.566666666667,"Waidring","default"
"683","Q183111",49.400277777778,15.590555555556,"Jihlava","default"
"684","Q40",48,14,"Austria","country"
"685","Q217527",45.434,12.338,"Piazza San Marco","default"
"686","Q12770704",48.744311,18.2337,"Machnáč","river"
"687","Q1781",47.498333333333,19.040833333333,"Budapest","default"
"688","Q25409",48.716666666667,21.25,"Košice","default"
"689","Q214956",48.855540667876,16.048796054219,"Znojmo","default"
"690","Q518360",50.548631074934,13.775445246997,"Bílina","default"
"691","Q193719",50.079759165169,12.373995588434,"Cheb","default"
"692","Q1113619",50.03472222,14.93916667,"Lipany","default"
"693","Q63855",50.425361080625,14.261840817268,"Roudnice nad Labem","default"
"694","Q392571",49.267231177778,14.00591071602,"Štěkeň","default"
"695","Q158245",49.30888068684,14.147530601921,"Písek","default"
"696","Q986068",49.440605680467,12.929798039263,"Domažlice","default"
"697","Q2698393",50.012964641199,13.842979977995,"Branov","default"
"698","Q101081",44,6,"Provence","default"
"699","Q10817986",49.5672,13.7772,"Třemšín","mountain"
"700","Q3148382",45.3066040739079,14.2801886848932,"Ika","default"
"701","Q102047454",50.5165461,15.2311553,"Trosky","mountain"
"702","Q41190",50.554178833845,14.947251808674,"Jivina","default"
"703","Q1488700",50.087222222222,14.427777777778,"Powder Tower","default"
"704","Q157736",42.257222222222,19.146111111111,"Morača","river"
"705","Q730378",43.348333333333,18.839444444444,"Tara","river"
"706","Q1066857",42.4068055555556,21.1911944444444,"Sitnica (Ibar)","river"
"707","Q3123315",42.508055555556,19.193888888889,"Spuž","default"
"708","Q497060",54.162222222222,10.421388888889,"Plön","default"
"709","Q104520",54.29443,18.15312,"Pomerania","default"
"710","Q1246",42.55,20.833333333333,"Kosovo","country"
"711","Q2628720",48.8666666666667,18.7,"Žiar","mountain"
"712","Q1867060",50.893152,11.60588,"Lobeda","default"
"713","Q1136224",50.948888888889,11.559444444444,"Cospeda","default"
"714","Q35484",24.47,39.61,"Medina","default"
"715","Q166717",52.677222222222,18.329166666667,"Kruszwica","default"
"716","Q173082",45.7,26.5,"Dacia","default"
"717","Q35958",41.119444444444,29.075277777778,"Bosporus Strait","default"
"718","Q1492",41.3825,2.1769444444444,"Barcelona","default"
"719","Q2749",48.3688888888889,10.8977777777778,"Augsburg","default"
"720","Q387095",51.4165277777778,16.4259722222222,"Ścinawa","default"
"721","Q111144",44.573555,10.455307,"Canossa","default"
"722","Q145",54.6,-2,"United Kingdom","country"
"723","Q1734030",50.09194,14.44528,"Karlín","default"
"724","Q1282",41.9,12.716666666667,"Lazio","default"
"725","Q372490",41.875,19.375,"Bojana","river"
"726","Q2092696",49.280837729607,13.617637249415,"Rabí","default"
"727","Q445762",50.086293,14.413655,"Old Town Bridge Tower","default"
"728","Q1069359",49.443127777778,3.7102888888889,"Chemin des Dames","default"
"729","Q2003236",49.968268378914,15.32796675256,"Nové Dvory","default"
"730","Q48399411",50.0860175,14.4343367,"Horská brána","default"
"731","Q204347",40.738055555556,26.030555555556,"Maritsa","river"
"732","Q3506100",49.151388888889,19.342777777778,"Veľký Choč","mountain"
"733","Q470380",49.455555555556,17.451111111111,"Přerov","default"
"734","Q393474",49.87582737845,13.897408903752,"Žebrák","default"
"735","Q1972068",49.885483501475,13.882830095153,"Točník","default"
"736","Q5955",49,89,"Altai Mountains","default"
"737","Q104028",31.698889,35.306389,"Judea","default"
"738","Q34713",47.8,13.045,"Salzburg","default"
"739","Q2915661",32.93925,35.367113888889,"Rameh","default"
"740","Q171080",42.42539,18.771191,"Kotor","default"
"741","Q4110",54.676388888889,13.437777777778,"Cape Arkona","default"
"742","Q14314",42.883333333333,-8.5333333333333,"Santiago de Compostela","default"
"743","Q8818",39.47,-0.376388888888889,"Valencia","default"
"744","Q180918",34.77612852,32.42651039,"Paphos","default"
"745","Q3812",-2,121,"Sulawesi","default"
"746","Q148505",53.916666666667,14.5,"Wolin","default"
"747","Q5747",34.550381,38.269791,"Palmyra","default"
"748","Q1014196",49.62747778,16.40844167,"Svojanov Castle","default"
"749","Q6489",41.601111111111,24.574166666667,"Rhodope Mountains","mountain"
"750","Q185700",55.333333333333,29,"Vitebsk Region","default"
"751","Q3376",46.06666667,11.11666667,"Trento","default"
"752","Q465312",48.803611111111,19.638055555556,"Brezno","default"
"753","Q986070",49.951136279202,15.795635790875,"Chrudim","default"
"754","Q320939",50.35057067972,14.474193495734,"Mělník","default"
"755","Q158239",49.297859972783,17.393134863736,"Kroměříž","default"
"756","Q1435",45.8130555555556,15.9772222222222,"Zagreb","default"
"757","Q268",52.4083333333333,16.9336111111111,"Poznań","default"
"758","Q1156",19.0758333333333,72.8775,"Mumbai","default"
"759","Q358361",50.216666666667,16.5,"Orlické hory","mountain"
"760","Q321197",49.75,18.633333333333,"Cieszyn","default"
"761","Q1809680",49.145588489764,16.576176754032,"Moravany","default"
"762","Q158242",49.30052629923,16.658570650287,"Adamov","default"
"763","Q1641748",49.9916881,13.2317994,"Manětín","default"
"764","Q386858",49.914028256057,14.235955055448,"Řevnice","default"
"765","Q94507",49.432443249442,16.122416725747,"Pikárec","default"
"766","Q1173",47,4.5,"Burgundy","default"
"767","Q36433",41.149472222222,-8.6107777777778,"Porto","default"
"768","Q170516",31.778611111111,35.229444444444,"Calvary","default"
"769","Q6862",53.3333,121.4814,"Amur River","default"
"770","Q11720",41.8025,123.428055555556,"Shenyang","default"
"771","Q39193",49.833333333333,14.333333333333,"Bohemia","default"
"772","Q818499",49.684444444444,7.8636111111111,"Sankt Alban","default"
"773","Q490457",54.304444444444,9.6644444444444,"Rendsburg","default"
"774","Q375769",46.938906,11.445172,"Brenner","default"
"775","Q10041",52.183333333333,5.2833333333333,"Soest","default"
"776","Q690417",48.2331,16.3147,"Währing","default"
"777","Q424",12.5,105,"Cambodia","country"
"778","Q7070",50.974722222222,10.324444444444,"Eisenach","default"
"779","Q181157",19.02222,-98.62778,"Popocatépetl","default"
"780","Q475596",50.608055555556,2.2711111111111,"Enguinegatte","default"
"781","Q2843",53.869722222222,10.686388888889,"Lübeck","default"
"782","Q1012797",41.755833,12.291667,"Ostia","default"
"783","Q973",66.3802,71.7787,"Ob","river"
"784","Q1650",51.42139,9.64806,"Weser","river"
"785","Q522236",49.353611111111,11.148333333333,"Wendelstein","default"
"786","Q11812551",48.37844,9.963274,"Swabia","default"
"787","Q1171",15.401944,74.043333,"Goa","default"
"788","Q81483",34,36,"Levant","default"
"789","Q1491774",52.3456,12.9444,"Petzow","default"
"790","Q474697",54.091111111111,18.786388888889,"Tczew","default"
"791","Q1630",53.55,9.9333,"Altona","default"
"792","Q12434",50.645,7.2269444444444,"Bad Honnef","default"
"793","Q226884",52.216666666667,13.449722222222,"Zossen","default"
"794","Q115457",43.7255555555556,11.6716666666667,"Arno","default"
"795","Q2487413",54.3092,-8.5661,"Rosses Point","default"
"796","Q934922",50.6683,-4.7608,"Tintagel Castle","default"
"797","Q183124",-17.3935419,-66.1570139,"Cochabamba","default"
"798","Q16553",37.304166666667,-121.87277777778,"San Jose","default"
"799","Q16552",32.715,-117.1625,"San Diego","default"
"800","Q42053",32.6525,51.6747222222222,"Isfahan","default"
"801","Q216373",55.0119,-1.4158,"River Tyne","river"
"802","Q3073271",54.11599,-0.08305,"Flamborough Head","default"
"803","Q19714",53.7,-0.7,"River Trent","river"
"804","Q2224061",52.225,0.040919444444444,"Madingley","default"
"805","Q124110",43.4403,13.607430555556,"Loreto","default"
"806","Q840597",47.293055555556,-2.5105555555556,"Le Croisic","default"
"807","Q30151210",13.1,-59.616666666667,"Barbados","default"
"808","Q1755549",53.9278,-9.9392,"Achill Sound","default"
"809","Q55299",53,-7.4,"County Laois","default"
"810","Q1542630",44.666666666667,-66.75,"Grand Manan Island","default"
"811","Q1397",40.5,-82.5,"Ohio","default"
"812","Q107393",57.333333333333,-6.2666666666667,"Isle of Skye","default"
"813","Q43382",50.371388888889,-4.1422222222222,"Plymouth","default"
"814","Q7024",46.010277777778,8.9625,"Lugano","default"
"815","Q464955",51.483333333333,-0.6,"Windsor","default"
"816","Q1012476",51.951671,-7.845612,"Youghal","default"
"817","Q6231",45.1333333333333,10.0247222222222,"Cremona","default"
"818","Q3711",44.8177777777778,20.4569444444444,"Belgrade","default"
"819","Q2333034",52.366,-8.179,"Galtymore","mountain"
"820","Q1540243",51.313217,1.364409,"River Stour","river"
"821","Q160642",51.074,-1.7936,"Salisbury","default"
"822","Q2339242",51.5137,-0.101,"Ludgate Hill","default"
"823","Q882375",51.9697,13.0114,"Dennewitz","default"
"824","Q1030579",50.543333333333,2.7366666666667,"Festubert","default"
"825","Q2624470",50.6897,-1.0889,"Bembridge","default"
"826","Q52028",18.788888888889,98.983333333333,"Chiang Mai","default"
"827","Q19682",52.494444444444,-3.7375,"River Severn","river"
"828","Q281749",51.744166666667,-2.215,"Stroud","default"
"829","Q767811",52.054,-1.773,"Chipping Campden","default"
"830","Q492342",38.301829,-77.470778,"Fredericksburg","default"
"831","Q422487",36.9416666666667,-76.4436111111111,"James River","river"
"832","Q2079",51.34,12.375,"Leipzig","default"
"833","Q1733",52.1316666666667,11.6391666666667,"Magdeburg","default"
"834","Q151920",32.789722222222,35.524722222222,"Tiberias","default"
"835","Q25",52.35,-3.6333333333333,"Wales","country"
"836","Q99755622",51.5777777777778,-1.56611111111111,"Whitehorse Hill","default"
"837","Q1247",15,-75,"Caribbean Sea","sea"
"838","Q7103795",39.7889,-100.025,"Oronoque","default"
"839","Q1507",-41.81015,-68.90627,"Patagonia","default"
"840","Q486306",30.4213888888889,-87.2172222222222,"Pensacola","default"
"841","Q41986",51.715,4.6677777777778,"Meuse","river"
"842","Q736439",51.343911111111,1.4040305555556,"Ramsgate","default"
"843","Q179034",50.716666666667,4.3833333333333,"Waterloo","default"
"844","Q2290461",51.503681,-0.166389,"Rotten Row","default"
"845","Q138578",40.745,-74.0325,"Hoboken","default"
"846","Q7205623",50.82,-2.405,"Plush","default"
"847","Q3991738",33.269167,35.195833,"Tyre","default"
"848","Q523273",50.061111111111,7.7694444444444,"Bacharach","default"
"849","Q3104",50.359722222222,7.5977777777778,"Koblenz","default"
"850","Q487315",36.60024,-121.89468,"Monterey","default"
"851","Q173532",34.116666666667,35.65,"Byblos","default"
"852","Q1840961",54.727316666667,-2.7818138888889,"Plumpton","default"
"853","Q93366",43.25,-2.9833333333333,"Biscay","default"
"854","Q1011",15.3,-23.7,"Cape Verde","country"
"855","Q370750",34.4437149,-82.855974,"Savannah River","river"
"856","Q1342",40.4416666666667,-80,"Pittsburgh","default"
"857","Q3415",43.616666666667,13.516666666667,"Ancona","default"
"858","Q2619909",51.96,-1.137,"Hethe","default"
"859","Q2193088",31.777222,35.250778,"Bethphage","default"
"860","Q162442",25.45,81.85,"Prayagraj","default"
"861","Q41983",48.816388888889,2.4108333333333,"Marne","river"
"862","Q365",50.942222222222,6.9577777777778,"Cologne","default"
"863","Q66568",26.4725,80.331111111111,"Kanpur","default"
"864","Q11739",31.549722222222,74.343611111111,"Lahore","default"
"865","Q2712129",22.922222222222,96.505277777778,"Mogok","default"
"866","Q334",1.3,103.8,"Singapore","country"
"867","Q200718",28.018055555556,73.316944444444,"Bikaner","default"
"868","Q17012",16.2595,-61.5605,"Guadeloupe","default"
"869","Q826769",31.73944444,65.14,"Maiwand","default"
"870","Q173808",31,65.5,"Kandahar","default"
"871","Q1353",28.666666666667,77.216666666667,"Delhi","default"
"872","Q122767",51.5063,-0.0034,"Blackwall","default"
"873","Q133315",52.6653,-8.6238,"Limerick","default"
"874","Q185453",30.1977777777778,71.4711111111111,"Multan","default"
"875","Q19721",55.937857,-4.672852,"River Clyde","river"
"876","Q855330",54.65,-8.117,"Donegal","default"
"877","Q890339",50.8953,2.8575,"Boezinge","default"
"878","Q30279317",55.84,-3.19,"Woodhouselee","default"
"879","Q2881464",-33.8483333333333,151.1677778,"Balmain","default"
"880","Q2841",4.60971,-74.08175,"Bogotá","default"
"881","Q2098078",51.5132,-0.0777,"Aldgate","default"
"882","Q2418364",41.381111111111,-70.675,"West Tisbury","default"
"883","Q5083",47.60621,-122.33207,"Seattle","default"
"884","Q721374",70.66336,23.68209,"Hammerfest","default"
"885","Q241",22,-79.5,"Cuba","country"
"886","Q55",52.316666666667,5.55,"Netherlands","country"
"887","Q1204",40.0002777777778,-89.2502777777778,"Illinois","default"
"888","Q17107717",43.07972222,-86.06722222,"Nunica","default"
"889","Q2281103",52.341,-1.566,"Kenilworth","default"
"890","Q69354",46.435,6.9125,"Montreux","default"
"891","Q291233",53.349444444444,-60.1775,"Churchill River","river"
"892","Q5492",42.25,-80.9997222222222,"Lake Erie","default"
"893","Q1262",45.5,7.16666667,"Graian Alps","default"
"894","Q193724",49.153275386094,16.876504369244,"Slavkov u Brna","default"
"895","Q173",32.7,-86.7,"Alabama","default"
"896","Q49470032",46.533333333333,-86.488333333333,"Pictured Rocks","default"
"897","Q635058",42.5,22.5,"Thracia","default"
"898","Q2041269",50.376,-4.205,"Torpoint","default"
"899","Q602760",50.033333333333,-5.1833333333333,"The Lizard","default"
"900","Q155",-14,-53,"Brazil","country"
"901","Q1963",15.60308,32.52654,"Khartoum","default"
"902","Q481514",37.7980555555556,12.4341666666667,"Marsala","default"
"903","Q5465",-33.9252777777778,18.4238888888889,"Cape Town","default"
"904","Q467664",46.006388888889,-112.52972222222,"Butte","default"
"905","Q8745",42.235833333333,-8.7266666666667,"Vigo","default"
"906","Q7230184",51.2193,-3.60508,"Porlock Bay","default"
"907","Q11437728",35.256111111111,138.16166666667,"Mount Daimugen","mountain"
"908","Q1783560",50.7514,-1.13667,"Spithead","default"
"909","Q427283",54.527230555556,-3.0160527777778,"Helvellyn","mountain"
"910","Q123377",58,-7,"Hebrides","default"
"911","Q5077",45.0386,-0.6111,"Garonne","default"
"912","Q12994",51.2088888888889,3.22416666666667,"Bruges","default"
"913","Q797",64,-150,"Alaska","default"
"914","Q67479626",51.2489089239,0.674513689133,"Kent","default"
"915","Q143665",49.941388888889,2.8183333333333,"Frise","default"
"916","Q184469",52.166666666667,-9.75,"County Kerry","default"
"917","Q166232",51.879962,-9.583597,"Kenmare","default"
"918","Q19720",57.674187,-3.098504,"River Spey","river"
"919","Q60067",60.083055555556,-162.33388888889,"Kuskokwim River","river"
"920","Q2257429",38.26472222,15.65083333,"Faro Point","default"
"921","Q2886632",51.4989,-0.0426,"Rotherhithe","default"
"922","Q2090978",54.2194,-8.6175,"Beltra","default"
"923","Q1854",10.7755555555556,106.701944444444,"Ho Chi Minh City","default"
"924","Q215646",35.6838888888889,139.774444444444,"Edo","default"
"925","Q667205",53.4675,10.411111111111,"Worth","default"
"926","Q750313",38.372548,21.533275,"Calydon","default"
"927","Q12892",51.2211111111111,4.39972222222222,"Antwerp","default"
"928","Q1425428",54.977777777778,-1.6133333333333,"Newcastle upon Tyne","default"
"929","Q83318",12.583333333333,43.333333333333,"Bab-el-Mandeb","default"
"930","Q1544388",39.821388888889,-111.75972222222,"Wasatch Range","mountain"
"931","Q1261",39,-105.5,"Colorado","default"
"932","Q596106",29.9855,-93.7904,"Sabine River","river"
"933","Q686021",40.4433333333333,-80.0144444444445,"Allegheny River","river"
"934","Q49149",41.276756,-70.090889,"Nantucket","default"
"935","Q838143",32.7205,-114.5575,"Gila River","river"
"936","Q2210898",43.4611,-70.3769,"Saco River","river"
"937","Q16952948",42.36185,-71.0567,"Boston Stone","default"
"938","Q45829",32.706947370528,20.9529202521255,"Ptolemais","default"
"939","Q65089632",35.364,-105.451,"San Miguel del Vado","default"
"940","Q69194",46.2,8.05,"Simplon","default"
"941","Q13522657",42.5,2.75,"Roussillon","default"
"942","Q1141295",38.2935,23.1549,"Thespiae","default"
"943","Q6593",47.655,-2.7616666666667,"Vannes","default"
"944","Q325946",48.450833333333,-4.2494444444444,"Landerneau","default"
"945","Q259203",48.899166666667,2.5230555555556,"Le Raincy","default"
"946","Q12631",48.965555555556,5.3777777777778,"Meuse","default"
"947","Q235382",47.872777777778,-3.5497222222222,"Quimperlé","default"
"948","Q154728",48.675,5.891666667,"Toul","default"
"949","Q27306",53,14,"Kingdom of Prussia","default"
"950","Q187843",48,7,"Vosges Mountains","default"
"951","Q183150",42.26666667,42,"Colchis","default"
"952","Q1461",14.5958333333333,120.977222222222,"Manila","default"
"953","Q17812",36.578888888889,-6.2415361111111,"Guadalete","river"
"954","Q6555",43.184722222222,3.0036111111111,"Narbonne","default"
"955","Q162615",37.6,-0.98194444444444,"Cartagena","default"
"956","Q330564",48.87,2.32444444444444,"La Madeleine","default"
"957","Q22690",49.119722222222,6.1769444444444,"Metz","default"
"958","Q3561",36.776388888889,3.0586111111111,"Algiers","default"
"959","Q135028",18.9508,32.2558,"Nubia","default"
"960","Q47476",37.17634,-3.58821,"Alhambra","default"
"961","Q217925",48.85613,2.29803,"Champ de Mars","default"
"962","Q192438",44.807777777778,-0.54888888888889,"Bègles","default"
"963","Q688660",8.4083333333333,-77.915,"Darién Province","default"
"964","Q168986",47.812222222222,-4.3377777777778,"Penmarch","default"
"965","Q14305",37.1685,-7.3959,"Guadiana","river"
"966","Q126982",32.818906,35.590033,"Sea of Galilee","default"
"967","Q782278",38.391666666667,21.8275,"Nafpaktos","default"
"968","Q68124",47.099627777778,6.8295583333333,"La Chaux-de-Fonds","default"
"969","Q589347",40.80555556,14.20333333,"Posillipo","default"
"970","Q845855",45.936388888889,6.6319444444444,"Sallanches","default"
"971","Q243456",40.848611,14.053611,"Cumae","default"
"972","Q34374",35.309722222222,24.893333333333,"Crete","default"
"973","Q1160195",37.616666666667,22.383333333333,"Mantineia","default"
"974","Q613574",39.755,-3.8544444444444,"Almonacid de Toledo","default"
"975","Q917870",55.916666666667,-5.5208333333333,"Knapdale","default"
"976","Q23047",44.4475,1.4405555555556,"Cahors","default"
"977","Q861715",43.656388888889,0.72222222222222,"Marsan","default"
"978","Q14556",42.4538,-7.7306,"Sil","river"
"979","Q1205",51,11,"Thuringia","default"
"980","Q11925",46.75,9.5,"Grisons","default"
"981","Q209064",44.166666666667,5.2833333333333,"Mont Ventoux","mountain"
"982","Q1903",37.502669444444,15.087269444444,"Catania","default"
"983","Q173699",38.5243055555556,-8.89261111111111,"Setúbal","default"
"984","Q15696",41.503333333333,-5.7555555555556,"Zamora","default"
"985","Q72414",40.819722222222,14.341111111111,"Portici","default"
"986","Q193819",48.847777777778,2.4391666666667,"Vincennes","default"
"987","Q1026315",55.006388888889,-3.0625,"Gretna Green","default"
"988","Q48365",-54,-71,"Strait of Magellan","default"
"989","Q28471",40.589167,-4.147778,"Royal Monastery of San Lorenzo de El Escorial","default"
"990","Q476288",48.520277777778,0.54722222222222,"Mortagne-au-Perche","default"
"991","Q216068",15.348333,44.206389,"Sheba","default"
"992","Q2879070",4.944444,-52.316667,"Cayenne's Prison","default"
"993","Q4043",48.351666666667,-1.2,"Fougères","default"
"994","Q5680",36.366667,43.15,"Nineveh","default"
"995","Q3876767",31.922777777778,35.241388888889,"Bethel","default"
"996","Q819568",48.870833333333,3.5405555555556,"Montmirail","default"
"997","Q160506",48.935555555556,2.3538888888889,"Saint-Denis","default"
"998","Q851323",45.006,8.769,"Tanaro","river"
"999","Q2720548",48.87472222,2.30222222,"Quartier du Faubourg-du-Roule","default"
"1000","Q183557",49.925,1.075,"Dieppe","default"
"1001","Q16928476",48.8728283104442,2.21331337876344,"Fort Mont-Valérien","default"
"1002","Q220583",39.716564,16.493696,"Sybaris","default"
"1003","Q1684",52.5361,13.2089,"Spree","river"
"1004","Q831469",37,-3,"Baetic System","mountain"
"1005","Q1136637",37.64897,24.0301,"Sounion","default"
"1006","Q209270",47.330555555556,9.4086111111111,"Appenzell","default"
"1007","Q2606004",38.254444444444,23.182222222222,"Leuctra","default"
"1008","Q2292319",37.61667,14.9,"Aetna","default"
"1009","Q495468",48.391666666667,-3.8536111111111,"La Feuillée","default"
"1010","Q18102",48.841388888889,2.4177777777778,"Saint-Mandé","default"
"1011","Q10282",42.816666666667,-1.65,"Pamplona","default"
"1012","Q1164176",49.741944444444,0.35833333333333,"Saint-Léonard","default"
"1013","Q132378",38.816666666667,22.283333333333,"Mount Oeta","mountain"
"1014","Q250106",48.452222222222,2.75,"Samois-sur-Seine","default"
"1015","Q48958",48.887222222222,2.2675,"Neuilly-sur-Seine","default"
"1016","Q474771",48.274444444444,-3.6194444444444,"Kergloff","default"
"1017","Q212",49,32,"Ukraine","country"
"1018","Q8356",41.651980555556,-4.7285611111111,"Valladolid","default"
"1019","Q1449",44.407186111111,8.9339833333333,"Genoa","default"
"1020","Q57954906",45.4844057,12.4169004,"rio della Giudecca","default"
"1021","Q189059",39.1047,26.5536,"Mytilene","default"
"1022","Q475816",43.171111111111,6.5291666666667,"Cavalaire-sur-Mer","default"
"1023","Q211647",43.807222222222,4.6433333333333,"Beaucaire","default"
"1024","Q201352",49.050833333333,2.1008333333333,"Pontoise","default"
"1025","Q773318",48.836111111111,2.3833333333333,"Quartier de Bercy","default"
"1026","Q10288",37.971527,23.726601,"Parthenon","default"
"1027","Q259107",48.783333333333,2.2636111111111,"Le Plessis-Robinson","default"
"1028","Q2683",44.801472222222,10.328,"Parma","default"
"1029","Q211604",48.843638888889,2.3238111111111,"Montparnasse","default"
"1030","Q3001",5.8666666666667,-55.166666666667,"Paramaribo","default"
"1031","Q3297078",31.2,35.5,"Sodom","default"
"1032","Q132671",43.300833333333,-0.37,"Pau","default"
"1033","Q271659",48.986666666667,2.4486111111111,"Gonesse","default"
"1034","Q5765",39.5,3,"Balearic Islands","default"
"1035","Q213137",1,103,"East Indies","default"
"1036","Q758056",38,23.7,"Attica Region","default"
"1037","Q275366",48.896666666667,2.1061111111111,"Le Pecq","default"
"1038","Q201272",37.05,25.183333333333,"Paros","default"
"1039","Q4191",47.0523,8.3059,"Lucerne","default"
"1040","Q766",18.18,-77.4,"Jamaica","country"
"1041","Q4629",21.205,72.84,"Surat","default"
"1042","Q2747220",34.8047222222222,-79.6752777777778,"The Carolinas","default"
"1043","Q12789",43.400833333333,6.21,"Var","default"
"1044","Q14379",46.0980555555556,8.71472222222222,"Lake Maggiore","default"
"1045","Q2260811",37.8,12.43333,"Lilibaeum","default"
"1046","Q2656",38.1156580555556,13.3612619444444,"Palermo","default"
"1047","Q13496",40.638333333333,17.945833333333,"Brindisi","default"
"1048","Q649217",39.801,18.356944444444,"Santa Maria di Leuca","default"
"1049","Q6343",36.852558,10.323461,"Carthage","default"
"1050","Q24826",53.4075,-2.99194444444444,"Liverpool","default"
"1051","Q214874",31.17,72.15,"Jhelum River","river"
"1052","Q4656",44.8702777777778,13.8455555555556,"Pula","default"
"1053","Q1061804",45.054,7.686,"Parco del Valentino","default"
"1054","Q1229234",59.944722222222,30.335555555556,"Summer Garden","default"
"1055","Q41876",49.265277777778,4.0286111111111,"Reims","default"
"1056","Q12689",50.95,1.85,"Pas-de-Calais","default"
"1057","Q580",51.75,19.466666666667,"Łódź","default"
"1058","Q1139404",58.415555555556,31.338333333333,"Msta","river"
"1059","Q991032",34.2027777777778,129.287527777778,"Tsushima","default"
"1060","Q161750",39.0019444444444,71.99975,"Pamir Mountains","mountain"
"1061","Q1851",64.55,40.533333333333,"Arkhangelsk","default"
"1062","Q4473315",59.93874,30.35718,"Nekrasova Street in St. Petersburg","default"
"1063","Q1494",33,-90,"Mississippi","default"
"1064","Q207680",42.6969444444444,44.5188888888889,"Mount Kazbek","mountain"
"1065","Q189901",37.6333333333333,22.7291666666667,"Argos","default"
"1066","Q162083",51.2375,33.2083333333333,"Konotop","default"
"1067","Q9239",44.785499,7.373841,"Cavour","default"
"1068","Q1132624",59.93902778,30.31577778,"Palace Square","default"
"1069","Q159261",55.59911,37.35495,"Moskovsky","default"
"1070","Q488987",40.016666666667,52.966666666667,"Türkmenbaşy","default"
"1071","Q4317399",53.6708,38.6515,"Nepryadva","river"
"1072","Q1165879",42.744722222222,44.6225,"Darial Gorge","default"
"1073","Q160135",51.2227777777778,22.5986111111111,"Lublin-Majdanek concentration camp","default"
"1074","Q2011735",45.35,36.6947222222222,"Chushka Spit","default"
"1075","Q5484",42,50.5,"Caspian Sea","default"
"1076","Q156237",52.5067,21.0844,"Western Bug","river"
"1077","Q156747",49.5894444444444,34.5513888888889,"Poltava","default"
"1078","Q48256",48.4675,35.04,"Dnipro","default"
"1079","Q1108445",50.45,30.525,"Kievan Rus'","default"
"1080","Q194084",60.1,29.966666666667,"Sestroretsk","default"
"1081","Q124653",51.4667,61.0085,"Tobol","river"
"1082","Q891",56.326944444444,44.0075,"Nizhny Novgorod","default"
"1083","Q36036",49.8425,24.0322222222222,"Lviv","default"
"1084","Q193785",32.68625,35.3929166666667,"Mount Tabor","mountain"
"1085","Q41116",55.754166666667,37.62,"Red Square","default"
"1086","Q153698",56.333888888889,36.7125,"Klin","default"
"1087","Q900",55.790833333333,49.114444444444,"Kazan","default"
"1088","Q105261",38.533,22.6167,"Mount Parnassus","mountain"
"1089","Q196479",57.983333333333,31.35,"Staraya Russa","default"
"1090","Q78898",63.935,37.988055555556,"Onega","river"
"1091","Q515809",37.1,22.3,"Taygetus","mountain"
"1092","Q191",59,26,"Estonia","country"
"1093","Q1773",56.9475,24.106944444444,"Riga","default"
"1094","Q198834",57.316666666667,43.1,"Yuryevets","default"
"1095","Q165608",67.299444444444,37.550833333333,"Kola Peninsula","default"
"1096","Q152348",38.4830555556,22.5055555556,"Castalian Spring","default"
"1097","Q34497",-15.95,-5.7166666666667,"Saint Helena","default"
"1098","Q52842",51.757,18.083,"Kalisz","default"
"1099","Q103703",43.3,45.866666666667,"Argun","default"
"1100","Q34575",38.5,25.3,"Aegean Sea","sea"
"1101","Q72672",40.627777777778,14.373611111111,"Sorrento","default"
"1102","Q11585",45.1775,28.8036111111111,"Tulcea","default"
"1103","Q14383",44.831666666667,20.449722222222,"Sava","river"
"1104","Q53133",45.8,13.533333333333,"Monfalcone","default"
"1105","Q53245",46.0905,13.435,"Cividale del Friuli","default"
"1106","Q1579722",-41.32186,148.24991,"St Helens","default"
"1107","Q1699950",45.77237,13.63824,"Sistiana","default"
"1108","Q610514",46.526944444444,14.301944444444,"Ferlach","default"
"1109","Q2354591",46.0747,14.4728,"Šiška","default"
"1110","Q554011",45.755833,13.856667,"Tomaj","default"
"1111","Q12958961",45.642961111111,14.859383333333,"Kočevje","default"
"1112","Q948280",46.702206,16.1482,"Gorica","default"
"1113","Q1754407",46.41849,13.57818,"Predil Pass","default"
"1114","Q2418986",45.928333,13.743056,"Šempas","default"
"1115","Q1587685",52.313888888889,8.8202777777778,"Hartum","default"
